Date,Temp_high,Temp_avg,Temp_low,Dew_high,Dew_avg,Dew_low,Humid_perc_high,Humid_perc_avg,Humid_perc_low,P_high_hPa,P_avg_hPa,P_low_hPa,visibility_high_km,visibility_avg_km,visibility_low_km,wind_min_kmh,wind_avg_kmh,wind_high_kmh,Precip_mm,Events
01/01/2014,-9,-10,-11,-12,-13,-14,86,82,77,1029,1026,1022,13,4,1,13,23,-,1.52,Snow
02/01/2014,-9,-13,-16,-12,-14,-21,85,78,66,1026,1020,1017,16,4,1,23,35,50,0.25,Snow
03/01/2014,-12,-17,-22,-18,-21,-24,83,66,51,1031,1028,1022,16,16,16,13,27,35,0.00,
04/01/2014,-2,-7,-12,-6,-12,-17,78,66,55,1021,1017,1013,16,16,5,18,29,42,0.00,Snow
05/01/2014,-1,-4,-7,-2,-4,-9,93,89,74,1017,1010,1000,16,3,0,6,37,50,8.13,Fog  Snow
06/01/2014,-7,-17,-26,-9,-20,-31,86,71,61,1021,1011,1001,16,6,1,32,48,69,0.00,Snow
07/01/2014,-17,-22,-26,-23,-27,-31,72,65,57,1029,1025,1021,16,16,14,21,34,48,0.00,
08/01/2014,-9,-18,-27,-15,-22,-29,91,78,64,1034,1030,1026,16,15,11,6,14,-,0.00,
09/01/2014,-6,-16,-26,-7,-14,-28,100,84,68,1037,1031,1026,16,9,2,3,11,-,0.25,Snow
10/01/2014,3,-2,-6,3,-1,-7,100,95,86,1025,1017,1005,10,4,0,5,16,27,8.13,Fog  Rain  Snow
11/01/2014,5,3,1,4,2,-3,100,94,75,1004,999,993,16,7,0,14,35,47,3.56,Fog  Rain
12/01/2014,2,1,0,-1,-3,-4,85,78,72,1014,1010,1005,16,16,11,21,27,37,0.00,
13/01/2014,6,3,1,2,0,-2,96,79,70,1008,1004,1002,16,16,10,14,21,-,0.00,
14/01/2014,2,-2,-7,-1,-4,-8,93,77,61,1009,1007,1005,16,12,4,14,42,63,0.00,Snow
15/01/2014,-2,-5,-8,-7,-8,-12,81,72,60,1016,1012,1007,16,13,4,24,35,52,0.00,Snow
16/01/2014,-3,-5,-7,-4,-7,-12,93,84,68,1014,1006,1003,16,7,0,19,27,39,0.51,Fog  Snow
17/01/2014,-2,-6,-9,-4,-7,-13,93,79,67,1014,1008,1002,16,12,2,13,26,34,0.25,Snow
18/01/2014,-8,-12,-16,-11,-13,-18,92,81,73,1015,1013,1010,16,12,3,10,19,-,0.00,Snow
19/01/2014,-2,-7,-11,-6,-9,-12,88,78,69,1009,1005,1001,16,14,6,14,39,52,0.00,Snow
20/01/2014,-1,-6,-11,-3,-9,-15,93,78,60,1019,1010,999,16,10,2,14,29,39,0.00,Snow
21/01/2014,-11,-17,-25,-15,-21,-27,86,61,51,1024,1021,1016,16,16,8,18,26,32,0.00,Snow
22/01/2014,-12,-20,-27,-14,-18,-29,88,78,60,1024,1016,1013,16,6,1,10,21,29,0.00,Snow
23/01/2014,-10,-17,-24,-16,-18,-26,87,74,57,1033,1024,1013,16,13,4,10,21,34,0.00,Snow
24/01/2014,-8,-16,-23,-12,-18,-27,86,74,61,1032,1015,1001,16,10,3,18,39,63,0.00,Snow
25/01/2014,-3,-10,-18,-6,-11,-21,89,76,49,1009,996,992,16,5,1,26,37,52,0.00,Fog  Snow
26/01/2014,-3,-12,-21,-4,-14,-23,93,79,71,1009,1001,995,16,7,1,11,35,48,0.51,Fog  Snow
27/01/2014,-5,-14,-23,-7,-17,-26,86,71,55,1028,1014,995,16,6,0,23,35,48,0.25,Fog  Snow
28/01/2014,-14,-20,-26,-21,-26,-28,86,68,48,1030,1027,1024,16,16,16,13,29,-,0.00,
29/01/2014,-9,-16,-21,-17,-21,-25,75,64,49,1024,1022,1021,16,16,14,19,37,45,0.00,
30/01/2014,-3,-9,-14,-6,-12,-18,86,69,53,1022,1014,1009,16,13,1,21,40,55,0.00,Snow
31/01/2014,-1,-2,-3,-4,-6,-7,92,75,69,1021,1018,1012,16,15,3,11,16,-,0.00,Snow
01/02/2014,1,-1,-3,1,-3,-6,100,92,80,1021,1014,1009,14,4,0,6,19,-,14.48,Fog  Rain  Snow
02/02/2014,-4,-6,-8,-6,-9,-11,89,77,59,1025,1021,1016,16,16,13,11,19,-,0.00,
03/02/2014,-6,-12,-19,-12,-15,-22,91,76,55,1030,1028,1025,16,14,8,3,13,-,0.00,
04/02/2014,-5,-13,-21,-9,-14,-23,88,76,60,1032,1028,1021,16,12,2,5,21,-,0.00,Snow
05/02/2014,-3,-8,-14,-7,-9,-17,86,79,54,1029,1017,1011,16,5,1,21,34,47,1.02,Fog  Snow
06/02/2014,-7,-13,-19,-12,-17,-21,91,75,58,1029,1027,1024,16,14,6,10,29,40,0.00,Snow
07/02/2014,-11,-16,-20,-18,-21,-23,79,70,54,1029,1027,1025,16,16,16,13,27,34,0.00,
08/02/2014,-9,-13,-18,-12,-15,-22,92,79,68,1028,1025,1022,16,9,1,8,14,-,0.25,Snow
09/02/2014,-6,-9,-11,-11,-13,-13,88,78,57,1022,1019,1016,16,9,1,5,24,-,1.27,Snow
10/02/2014,-7,-14,-22,-11,-15,-24,92,74,57,1029,1026,1023,16,12,3,11,19,-,0.00,Snow
11/02/2014,-11,-18,-26,-18,-19,-27,87,65,49,1034,1032,1030,16,16,13,10,14,-,0.00,
12/02/2014,-9,-18,-28,-14,-21,-31,92,77,59,1033,1027,1020,16,10,0,2,14,-,0.00,Fog
13/02/2014,-2,-10,-18,-11,-14,-19,95,65,41,1019,1011,1000,16,15,6,6,14,-,0.00,
14/02/2014,-2,-4,-7,-5,-8,-11,93,77,60,1009,1003,996,16,9,1,11,27,34,0.00,Snow
15/02/2014,-6,-12,-18,-9,-16,-21,91,67,52,1019,1016,1010,16,16,14,13,21,34,0.00,
16/02/2014,-3,-11,-19,-10,-13,-21,95,77,55,1029,1019,1013,16,10,1,5,21,-,0.51,Snow
17/02/2014,-6,-14,-23,-7,-14,-24,100,81,61,1030,1017,1003,16,9,0,8,26,45,5.08,Fog  Snow
18/02/2014,3,-2,-6,-3,-7,-9,92,77,66,1016,1009,1002,16,10,2,21,32,45,0.00,Snow
19/02/2014,6,-1,-8,-1,-4,-9,100,78,53,1018,1009,1002,16,11,1,11,29,42,0.00,Snow
20/02/2014,7,-1,-6,6,-1,-7,100,93,73,1019,1007,995,10,3,0,10,26,42,19.81,Fog  Rain  Snow  Thunderstorm
21/02/2014,7,3,-1,6,-3,-10,100,70,50,1009,1001,995,16,14,3,27,50,74,0.00,
22/02/2014,2,-1,-3,-2,-8,-13,82,57,40,1016,1012,1008,16,15,6,23,35,47,0.00,Snow
23/02/2014,-1,-6,-9,-9,-11,-14,74,60,43,1019,1018,1015,16,16,16,18,32,42,0.00,
24/02/2014,-5,-7,-8,-11,-12,-13,79,64,58,1022,1021,1018,16,15,4,21,32,40,0.00,Snow
25/02/2014,-6,-10,-14,-11,-13,-16,87,71,62,1022,1019,1015,16,13,3,14,32,40,0.00,Snow
26/02/2014,-10,-14,-18,-16,-18,-21,83,63,51,1021,1015,1005,16,16,14,18,32,40,0.00,Snow
27/02/2014,-10,-16,-23,-13,-18,-26,85,66,40,1025,1009,999,16,9,0,21,39,58,0.00,Snow
28/02/2014,-8,-18,-27,-13,-21,-31,78,65,48,1028,1025,1020,16,16,16,5,16,-,0.00,
01/03/2014,-2,-6,-9,-6,-9,-12,88,80,66,1025,1022,1019,16,8,1,6,21,-,2.29,Snow
02/03/2014,-8,-12,-18,-10,-14,-21,86,75,48,1029,1026,1023,16,8,1,11,19,26,1.02,Snow
03/03/2014,-11,-16,-24,-21,-23,-27,78,60,41,1033,1031,1029,16,16,16,11,19,27,0.00,
04/03/2014,-8,-14,-21,-14,-19,-23,80,58,38,1031,1027,1024,16,16,16,3,13,-,0.00,
05/03/2014,-4,-7,-11,-12,-14,-17,73,59,50,1034,1030,1025,16,16,16,10,19,-,0.00,
06/03/2014,-3,-8,-13,-11,-14,-16,84,66,51,1034,1028,1021,16,16,16,10,23,29,0.00,
07/03/2014,6,-6,-16,-3,-9,-18,91,70,47,1020,1017,1014,16,15,11,5,16,-,0.00,
08/03/2014,3,-2,-7,0,-4,-9,89,74,64,1022,1019,1014,16,11,3,11,19,-,2.79,Rain  Snow
09/03/2014,1,-5,-11,-3,-8,-13,92,70,54,1025,1019,1011,16,16,11,13,32,40,0.00,
10/03/2014,8,4,1,2,-1,-3,79,70,56,1011,1005,1002,16,14,10,18,26,-,0.00,
11/03/2014,11,7,2,3,1,-2,89,74,44,1008,1005,1004,16,13,6,10,19,-,2.54,Rain
12/03/2014,3,-4,-12,2,-6,-17,92,82,59,1017,1005,1001,16,6,0,23,45,66,4.57,Fog  Snow
13/03/2014,-6,-12,-17,-13,-17,-21,74,62,46,1022,1019,1016,16,16,16,10,23,-,0.00,
14/03/2014,9,-2,-12,1,-5,-14,88,67,51,1015,1007,1002,16,16,16,16,40,53,0.00,
15/03/2014,4,1,-2,-1,-4,-9,82,64,50,1025,1015,1007,16,16,16,21,26,40,0.00,
16/03/2014,-3,-7,-12,-11,-15,-19,68,56,36,1030,1027,1024,16,16,16,19,27,39,0.00,
17/03/2014,-1,-7,-13,-9,-14,-17,76,59,38,1023,1018,1014,16,16,16,11,19,-,0.00,
18/03/2014,7,0,-7,-2,-5,-9,85,70,55,1017,1015,1012,16,16,14,8,21,-,0.00,
19/03/2014,9,6,2,6,3,-2,96,88,76,1012,1006,1002,16,10,2,13,42,55,2.79,Rain
20/03/2014,4,1,-3,1,-3,-7,92,71,51,1018,1013,1010,16,15,6,24,32,47,0.00,
21/03/2014,5,-1,-7,-2,-5,-8,89,73,55,1019,1016,1006,16,15,10,5,23,-,0.00,
22/03/2014,5,1,-2,2,-2,-8,96,77,57,1024,1014,1005,16,12,3,16,29,47,2.54,Rain
23/03/2014,-2,-6,-9,-9,-14,-17,61,53,43,1029,1027,1024,16,16,16,19,24,37,0.00,
24/03/2014,0,-6,-9,-11,-13,-14,78,57,42,1028,1025,1020,16,16,14,11,27,37,0.00,Snow
25/03/2014,1,-6,-9,-7,-11,-14,84,67,37,1022,1017,1013,16,12,2,13,29,50,0.00,Snow
26/03/2014,0,-8,-14,-8,-13,-16,88,62,36,1028,1025,1021,16,16,5,10,19,29,0.00,Snow
27/03/2014,7,1,-3,3,-3,-8,86,70,54,1022,1014,1005,16,15,8,14,27,48,0.76,Rain  Snow
28/03/2014,10,7,3,7,2,-1,80,75,68,1022,1010,1002,16,16,16,24,37,58,0.00,
29/03/2014,3,2,0,-1,-3,-5,79,71,64,1022,1021,1019,16,16,14,14,26,39,0.00,
30/03/2014,11,3,-3,-4,-6,-9,82,57,30,1023,1022,1020,16,16,16,14,21,-,0.00,
31/03/2014,14,6,-3,0,-4,-6,89,56,34,1023,1021,1016,16,16,16,6,23,29,0.00,
01/04/2014,16,9,3,5,0,-4,68,54,39,1017,1011,1007,16,16,16,18,47,63,0.25,
02/04/2014,13,7,1,-2,-4,-6,70,50,28,1022,1021,1017,16,16,16,10,13,-,0.00,
03/04/2014,4,3,1,1,-3,-9,93,70,43,1022,1016,1011,16,14,5,18,32,45,7.87,Rain
04/04/2014,9,4,1,8,3,-1,100,92,79,1009,1002,996,16,8,0,18,47,63,3.30,Fog  Rain  Snow
05/04/2014,9,3,-2,-1,-4,-7,89,64,31,1023,1017,1007,16,15,3,26,39,52,0.25,Snow
06/04/2014,12,2,-6,-2,-5,-7,96,59,28,1024,1021,1017,16,16,10,3,19,-,0.00,
07/04/2014,12,6,-1,4,-1,-5,89,66,35,1017,1008,999,16,14,6,10,21,-,9.40,Rain
08/04/2014,17,9,3,4,0,-4,93,59,28,1009,1003,998,16,14,8,18,27,34,2.29,Rain
09/04/2014,14,8,2,1,-3,-7,67,48,24,1016,1014,1010,16,16,16,14,26,32,0.00,
10/04/2014,21,13,5,8,4,0,79,57,36,1013,1010,1005,16,16,16,19,40,60,0.00,Rain
11/04/2014,19,9,-1,2,-2,-7,92,52,17,1017,1015,1013,16,16,16,5,27,48,0.00,
12/04/2014,22,12,2,12,4,-1,86,58,26,1019,1015,1010,16,16,16,6,29,42,1.78,Rain
13/04/2014,26,17,10,13,11,7,83,65,49,1011,1008,1003,16,15,11,16,35,50,0.00,
14/04/2014,21,11,-1,13,5,-2,92,72,51,1009,1004,996,16,13,2,27,47,69,1.78,Rain  Snow
15/04/2014,1,-1,-4,-2,-7,-13,92,74,41,1025,1013,1008,16,9,0,23,34,47,2.29,Fog  Snow
16/04/2014,6,-1,-8,-4,-8,-12,88,64,38,1032,1029,1025,16,16,13,6,24,35,0.00,
17/04/2014,19,9,-1,1,-3,-6,82,50,21,1029,1026,1023,16,16,16,14,32,39,0.00,
18/04/2014,18,12,7,7,4,0,83,59,30,1027,1025,1023,16,16,11,6,21,27,0.00,
19/04/2014,14,7,0,0,-2,-6,79,54,27,1032,1029,1028,16,16,16,13,21,27,0.00,
20/04/2014,23,11,-1,3,-1,-4,82,47,17,1028,1024,1020,16,16,13,8,21,27,0.00,
21/04/2014,26,14,2,12,4,1,89,55,23,1019,1013,1008,16,16,16,6,32,45,0.25,
22/04/2014,16,10,5,13,6,-3,93,72,45,1014,1008,1005,16,14,6,18,39,58,0.51,Rain
23/04/2014,14,8,2,-2,-5,-13,73,49,17,1021,1019,1014,16,16,16,16,24,35,0.00,
24/04/2014,13,8,5,-2,-7,-11,56,36,22,1022,1019,1012,16,16,16,11,24,35,0.00,
25/04/2014,13,9,4,6,2,-7,86,71,37,1011,1007,1004,16,13,5,11,23,35,8.13,Rain
26/04/2014,15,7,0,3,1,-1,97,62,39,1019,1013,1009,16,16,10,11,26,40,0.00,
27/04/2014,12,6,0,0,-2,-3,85,59,41,1022,1020,1019,16,16,16,14,26,40,0.00,
28/04/2014,11,9,7,3,1,-1,61,55,48,1018,1013,1009,16,16,16,23,35,55,0.25,Rain
29/04/2014,24,16,8,14,9,3,97,79,32,1009,1004,1001,16,11,2,18,47,63,10.92,Rain  Thunderstorm
30/04/2014,21,16,12,12,11,8,93,84,51,1010,1008,1006,16,16,13,16,23,34,0.51,
01/05/2014,13,9,5,7,4,1,90,72,47,1009,1008,1007,16,16,14,21,32,48,0.25,Rain
02/05/2014,13,10,7,7,6,4,90,79,63,1009,1008,1007,16,16,14,18,27,39,0.00,
03/05/2014,16,11,7,7,5,-1,93,72,35,1010,1007,1004,16,16,8,18,42,61,0.76,Rain
04/05/2014,14,8,3,3,-1,-4,76,50,29,1019,1014,1010,16,16,16,13,35,55,0.00,
05/05/2014,12,7,2,6,2,-1,86,71,57,1019,1017,1015,16,16,16,5,14,-,1.02,
06/05/2014,17,9,2,3,2,0,92,56,32,1020,1018,1016,16,16,16,13,21,29,0.00,
07/05/2014,19,13,7,9,5,0,93,72,48,1019,1017,1014,16,15,10,14,26,34,5.84,Rain  Thunderstorm
08/05/2014,30,19,8,17,12,6,86,64,44,1016,1014,1011,16,16,13,10,24,37,0.00,
09/05/2014,26,21,17,16,14,11,84,68,48,1012,1009,1006,16,15,2,16,42,60,3.81,Rain  Thunderstorm
10/05/2014,22,16,8,11,6,2,81,55,32,1015,1013,1009,16,16,16,14,26,45,0.00,
11/05/2014,26,14,4,13,8,3,97,63,32,1019,1016,1014,16,16,16,6,16,-,0.00,
12/05/2014,24,18,13,20,18,12,97,88,70,1016,1015,1014,16,13,3,11,27,72,12.19,Rain  Thunderstorm
13/05/2014,29,23,17,20,18,14,97,85,55,1017,1014,1011,16,12,1,8,32,72,5.33,Fog  Rain  Thunderstorm
14/05/2014,17,14,9,13,11,8,93,84,67,1020,1018,1014,16,14,3,13,24,37,3.30,Rain
15/05/2014,16,11,6,15,9,2,97,87,71,1016,1009,1005,16,12,2,14,27,37,4.32,Rain
16/05/2014,13,7,2,2,1,0,89,67,48,1017,1016,1015,16,16,16,11,16,-,0.00,
17/05/2014,13,8,3,3,2,-1,89,65,45,1023,1019,1016,16,16,16,10,21,-,0.00,Rain
18/05/2014,19,9,-1,3,1,-1,100,62,30,1025,1024,1023,16,13,3,8,23,35,0.00,
19/05/2014,21,12,3,6,3,-1,93,56,26,1026,1024,1021,16,16,16,8,23,26,0.00,
20/05/2014,26,18,11,16,11,6,93,68,53,1023,1015,1011,16,15,6,11,19,27,1.52,Rain
21/05/2014,28,22,14,19,16,7,96,74,35,1012,1011,1009,16,14,1,13,32,39,0.00,Rain  Thunderstorm
22/05/2014,22,18,14,12,9,5,83,56,44,1018,1015,1010,16,16,16,18,27,40,0.00,
23/05/2014,21,16,10,9,7,5,93,60,44,1021,1020,1018,16,16,16,13,21,29,0.00,
24/05/2014,25,15,6,11,8,6,97,69,35,1023,1022,1020,16,13,1,3,13,-,0.00,
25/05/2014,27,18,9,12,9,8,97,60,32,1022,1020,1018,16,15,3,5,16,-,0.00,
26/05/2014,29,19,9,17,12,9,97,70,34,1019,1017,1013,16,12,1,6,21,29,0.00,
27/05/2014,30,24,19,20,18,16,90,75,51,1014,1012,1011,16,16,5,13,32,42,0.00,Rain  Thunderstorm
28/05/2014,21,18,16,19,17,11,100,89,65,1019,1014,1012,16,8,0,6,19,-,0.25,Fog  Rain  Thunderstorm
29/05/2014,24,18,12,13,12,9,89,69,45,1021,1020,1019,16,16,14,8,14,-,0.00,
30/05/2014,27,17,8,12,9,7,100,80,39,1023,1022,1021,16,9,0,2,13,-,0.00,Fog
31/05/2014,27,19,12,13,11,7,86,61,42,1024,1023,1022,16,16,16,5,21,27,0.00,
01/06/2014,29,18,8,13,10,6,90,60,34,1023,1020,1015,16,16,16,5,19,-,0.00,
02/06/2014,28,21,14,20,18,13,90,81,58,1016,1013,1011,16,14,1,10,35,55,7.37,Rain  Thunderstorm
03/06/2014,26,19,11,20,14,9,93,67,38,1014,1011,1010,16,15,8,18,42,53,1.27,Rain
04/06/2014,18,14,10,14,13,9,97,85,72,1013,1012,1010,16,13,0,3,11,-,6.35,Fog  Rain
05/06/2014,24,17,11,14,8,5,97,64,31,1014,1013,1011,16,14,0,6,21,27,0.00,Fog
06/06/2014,26,16,5,12,8,4,96,59,31,1016,1015,1014,16,16,16,3,13,-,0.00,
07/06/2014,27,17,7,14,9,6,100,76,28,1017,1016,1012,16,9,1,2,19,-,0.00,Fog
08/06/2014,26,20,16,16,12,8,90,66,33,1015,1012,1009,16,14,3,8,24,32,5.33,Rain
09/06/2014,27,20,14,14,12,8,87,64,34,1016,1015,1013,16,16,16,8,13,-,0.00,
10/06/2014,24,17,11,15,12,10,93,69,55,1014,1013,1011,16,16,16,8,21,26,0.00,
11/06/2014,26,20,17,20,18,12,97,87,61,1010,1008,1006,16,9,2,8,29,34,12.95,Rain  Thunderstorm
12/06/2014,25,21,17,19,18,16,97,86,60,1008,1007,1006,16,10,0,6,19,-,0.00,Fog
13/06/2014,21,14,8,17,11,7,93,69,52,1017,1011,1007,16,16,16,14,29,40,0.00,
14/06/2014,24,13,3,11,6,3,100,79,34,1021,1019,1017,16,9,0,3,16,-,0.00,Fog
15/06/2014,26,18,10,16,12,9,93,65,42,1021,1018,1015,16,16,16,8,23,35,0.00,
16/06/2014,31,24,17,19,16,12,90,63,32,1018,1016,1015,16,16,16,8,23,34,0.00,
17/06/2014,32,24,16,21,18,15,93,68,48,1016,1013,1010,16,15,6,13,35,50,0.00,Thunderstorm
18/06/2014,27,23,19,22,19,16,94,84,66,1019,1016,1014,16,14,2,10,50,66,3.05,Rain  Thunderstorm
19/06/2014,25,22,18,19,18,14,90,81,69,1021,1020,1019,16,12,6,11,14,-,0.00,
20/06/2014,20,17,14,14,12,10,93,79,61,1020,1017,1015,16,13,2,8,21,29,3.81,Rain
21/06/2014,26,20,14,14,12,11,94,68,42,1016,1015,1013,16,16,11,6,11,-,0.00,
22/06/2014,27,21,16,16,13,11,90,62,45,1015,1014,1012,16,16,16,5,16,-,0.00,
23/06/2014,26,20,14,21,18,13,93,81,66,1014,1013,1011,16,16,13,3,19,-,1.27,Rain
24/06/2014,27,23,19,22,20,19,97,88,71,1013,1012,1011,16,9,1,10,21,35,8.64,Rain  Thunderstorm
25/06/2014,26,21,17,19,18,16,100,89,62,1016,1013,1012,16,7,0,5,14,-,0.00,Fog
26/06/2014,27,20,14,17,16,13,97,77,52,1018,1017,1016,16,13,2,5,10,-,0.00,
27/06/2014,28,20,13,17,14,12,90,67,47,1021,1019,1018,16,16,14,5,14,-,0.00,
28/06/2014,30,23,16,21,19,15,96,80,55,1020,1019,1017,16,12,2,8,24,32,7.11,Rain  Thunderstorm
29/06/2014,30,25,21,23,21,19,94,80,53,1018,1016,1014,16,12,4,10,24,39,1.02,
30/06/2014,30,26,22,22,21,21,91,77,63,1014,1011,1007,16,15,8,14,24,37,0.00,
01/07/2014,28,23,19,22,18,16,93,77,47,1008,1006,1001,16,14,2,14,39,58,14.48,Rain  Thunderstorm
02/07/2014,26,20,16,18,16,13,90,72,50,1014,1011,1008,16,16,16,13,27,40,0.25,
03/07/2014,23,18,12,14,12,8,90,75,39,1021,1016,1013,16,14,3,11,26,40,0.51,Rain
04/07/2014,24,16,8,13,8,6,97,74,32,1026,1024,1021,16,11,1,5,24,37,0.00,Fog
05/07/2014,25,16,7,13,9,6,97,73,37,1026,1024,1019,16,11,3,3,14,-,0.00,
06/07/2014,27,19,11,18,14,10,96,75,50,1019,1014,1007,16,14,3,8,24,37,0.00,
07/07/2014,30,23,17,22,19,15,93,78,50,1007,1006,1004,16,13,2,19,27,63,9.91,Rain  Thunderstorm
08/07/2014,26,21,16,21,18,13,97,85,50,1008,1004,1002,16,9,1,11,35,53,9.40,Rain  Thunderstorm
09/07/2014,24,18,13,16,13,12,94,76,50,1017,1012,1008,16,13,1,10,24,27,0.00,
10/07/2014,26,18,11,14,12,9,93,74,45,1022,1019,1017,16,11,1,3,13,-,0.00,
11/07/2014,26,19,13,14,13,12,93,68,48,1024,1023,1021,16,16,16,6,13,-,0.00,
12/07/2014,29,21,14,19,16,13,93,74,47,1022,1019,1013,16,13,1,5,23,34,0.00,Fog
13/07/2014,29,22,16,21,18,14,91,76,45,1013,1011,1009,16,13,3,16,27,37,3.05,Rain
14/07/2014,27,21,15,18,16,12,90,76,40,1012,1010,1007,16,12,1,5,19,-,9.91,Rain
15/07/2014,22,18,14,15,12,9,90,73,52,1012,1008,1006,16,15,8,13,29,40,0.25,Rain
16/07/2014,22,16,11,11,9,8,86,70,48,1016,1014,1012,16,16,16,13,21,29,0.00,
17/07/2014,24,18,11,12,10,8,89,63,36,1021,1019,1016,16,16,13,6,14,-,0.00,
18/07/2014,25,16,8,12,9,7,93,80,38,1024,1022,1021,16,8,0,2,11,-,0.00,Fog
19/07/2014,24,18,14,17,14,11,93,76,59,1021,1019,1017,16,14,1,6,13,-,0.00,Fog
20/07/2014,28,19,11,17,13,10,100,82,42,1019,1018,1017,16,7,0,2,8,-,0.00,Fog
21/07/2014,29,20,11,16,13,10,97,74,39,1021,1020,1018,16,8,0,2,13,-,0.00,Fog
22/07/2014,32,22,13,19,15,12,94,78,42,1020,1018,1014,16,8,0,3,23,34,0.00,Fog
23/07/2014,26,22,19,20,15,12,78,66,51,1018,1016,1011,16,16,16,14,26,35,0.00,Rain
24/07/2014,24,18,10,12,9,8,89,58,36,1020,1019,1017,16,16,16,11,19,-,0.00,
25/07/2014,26,17,7,13,8,6,97,81,36,1019,1017,1014,16,8,0,3,24,27,0.00,Fog
26/07/2014,28,19,11,19,13,9,96,85,49,1015,1013,1009,16,7,0,2,16,-,0.00,Fog
27/07/2014,31,22,15,20,17,13,93,83,47,1009,1007,1002,16,10,0,10,29,50,12.95,Fog  Rain  Thunderstorm
28/07/2014,22,17,13,15,12,8,87,75,49,1016,1010,1006,16,15,3,16,26,35,0.25,Rain
29/07/2014,24,15,6,14,9,4,93,79,46,1016,1015,1014,16,11,1,6,26,29,4.06,Rain  Thunderstorm
30/07/2014,26,18,11,14,12,9,94,81,42,1016,1015,1014,16,9,0,6,16,-,0.25,Fog  Rain
31/07/2014,28,17,8,14,11,7,96,80,40,1017,1016,1016,16,9,0,6,24,35,0.00,Fog
01/08/2014,28,20,12,18,13,11,97,83,44,1019,1018,1017,16,8,0,2,13,-,0.25,Fog  Rain  Thunderstorm
02/08/2014,26,21,16,17,16,13,90,72,57,1021,1020,1019,16,16,14,5,13,-,0.00,
03/08/2014,29,20,11,16,13,11,97,81,38,1020,1020,1017,16,7,0,3,14,-,0.00,Fog
04/08/2014,30,21,13,17,14,12,97,77,41,1019,1019,1017,16,10,0,5,23,-,0.00,Fog  Thunderstorm
05/08/2014,26,20,14,18,16,13,97,85,57,1019,1017,1016,16,9,0,3,16,-,6.86,Fog  Rain  Thunderstorm
06/08/2014,27,20,13,17,13,9,96,81,36,1019,1017,1016,16,7,0,5,16,37,0.00,Fog
07/08/2014,28,18,9,14,11,8,97,72,32,1020,1019,1017,16,9,0,2,14,-,0.00,Fog
08/08/2014,27,20,14,17,14,12,94,73,47,1021,1020,1019,16,15,2,6,14,-,0.00,
09/08/2014,28,19,10,15,12,9,100,74,33,1021,1020,1018,16,11,0,6,21,27,0.00,Fog
10/08/2014,30,22,16,18,15,13,86,68,38,1019,1018,1015,16,16,16,8,13,-,0.00,
11/08/2014,22,20,18,20,18,16,90,86,73,1016,1010,1006,16,13,3,10,21,-,26.16,Rain  Thunderstorm
12/08/2014,26,21,16,18,16,13,94,84,56,1011,1007,1005,16,10,0,10,26,39,2.79,Fog  Rain  Thunderstorm
13/08/2014,26,19,13,13,11,9,87,66,37,1014,1013,1011,16,16,16,16,29,40,0.00,
14/08/2014,22,16,10,9,7,6,86,58,35,1018,1016,1015,16,16,16,14,27,37,0.00,
15/08/2014,24,15,6,12,7,4,93,63,34,1018,1016,1015,16,16,16,10,21,47,0.00,
16/08/2014,28,18,7,18,10,6,96,79,40,1015,1014,1011,16,10,1,6,27,40,0.00,Rain
17/08/2014,23,20,18,18,17,15,90,82,68,1016,1015,1013,16,14,3,5,14,-,7.11,Rain
18/08/2014,27,21,16,17,15,14,87,70,52,1015,1012,1010,16,16,16,10,14,-,0.00,
19/08/2014,29,22,17,20,17,16,90,81,58,1010,1009,1007,16,13,2,11,47,63,9.14,Rain  Thunderstorm
20/08/2014,28,22,17,19,17,16,94,83,52,1014,1010,1008,16,10,1,5,24,32,0.51,Fog
21/08/2014,28,22,16,21,18,14,100,85,63,1016,1015,1014,16,9,1,2,13,-,2.54,Fog  Rain
22/08/2014,29,24,21,22,20,18,94,85,62,1017,1015,1013,16,7,0,3,11,-,0.25,Fog
23/08/2014,27,23,20,19,18,16,84,72,60,1018,1017,1015,16,16,14,8,14,-,0.00,
24/08/2014,27,23,19,19,18,16,87,78,60,1020,1019,1017,16,16,16,10,16,-,0.00,
25/08/2014,30,23,17,21,19,16,93,78,55,1019,1018,1017,16,16,10,3,14,-,0.00,
26/08/2014,32,26,19,21,19,18,94,86,52,1020,1018,1017,16,8,0,5,35,53,12.19,Fog  Rain  Thunderstorm
27/08/2014,26,20,14,19,16,13,93,76,50,1020,1019,1018,16,15,2,8,19,-,0.00,
28/08/2014,25,18,13,14,12,10,93,71,46,1022,1020,1019,16,16,14,5,11,-,0.00,
29/08/2014,26,20,14,17,13,11,87,71,55,1021,1019,1016,16,16,16,6,14,-,0.00,
30/08/2014,29,23,18,20,18,16,84,71,53,1016,1013,1011,16,15,4,10,34,47,4.57,Rain  Thunderstorm
31/08/2014,28,24,21,20,19,18,88,66,54,1015,1014,1013,16,16,14,11,14,-,0.00,
01/09/2014,28,24,21,21,21,19,88,76,62,1013,1010,1007,16,13,0,16,26,40,0.00,Fog
02/09/2014,27,21,14,20,17,13,93,80,48,1014,1012,1011,16,14,0,10,19,-,0.00,Fog  Rain
03/09/2014,28,19,11,17,13,10,100,86,48,1017,1016,1015,16,6,0,2,19,-,0.00,Fog
04/09/2014,31,21,12,22,16,11,97,86,53,1018,1017,1015,16,7,0,3,32,42,5.08,Fog  Rain  Thunderstorm
05/09/2014,33,26,19,23,20,18,93,74,45,1017,1014,1011,16,13,2,16,50,80,3.56,Rain  Thunderstorm
08/09/2014,24,19,14,13,12,10,87,59,46,1022,1020,1018,16,16,16,11,23,29,0.00,
09/09/2014,26,18,11,17,12,9,97,83,48,1018,1017,1015,16,9,1,2,19,-,0.00,Fog
10/09/2014,24,20,17,21,18,13,91,85,68,1015,1006,1002,16,11,2,10,32,47,17.53,Rain
11/09/2014,21,16,11,18,9,7,83,76,67,1023,1014,1004,16,16,16,24,35,48,0.76,
12/09/2014,16,13,11,11,8,7,86,71,57,1026,1024,1021,16,16,16,11,16,-,0.00,
13/09/2014,16,9,4,10,7,2,93,77,49,1028,1023,1019,16,14,1,11,26,37,0.25,Rain
14/09/2014,17,9,1,7,3,1,96,81,42,1028,1026,1023,16,8,1,2,16,-,0.00,Fog
15/09/2014,16,9,3,11,4,2,100,89,67,1023,1022,1018,16,6,0,2,10,-,0.00,Fog  Rain
16/09/2014,19,13,7,10,8,4,89,73,42,1022,1020,1019,16,16,16,8,13,-,0.00,
17/09/2014,20,9,0,7,3,-1,100,86,39,1019,1017,1015,16,6,0,2,16,-,0.00,Fog
18/09/2014,21,12,4,11,7,3,96,78,50,1023,1019,1016,16,11,1,3,21,-,0.00,
19/09/2014,20,10,1,10,4,1,100,83,44,1025,1023,1017,16,8,0,2,14,-,0.00,Fog
20/09/2014,26,16,6,18,11,4,100,87,52,1017,1014,1009,16,8,0,6,34,50,1.52,Fog  Rain  Thunderstorm
21/09/2014,20,15,10,18,12,6,90,80,56,1016,1009,1003,16,14,3,21,37,58,7.11,Rain
22/09/2014,17,11,6,7,4,2,93,67,44,1025,1022,1017,16,15,3,14,24,34,0.00,
23/09/2014,22,12,2,12,4,1,97,84,44,1028,1026,1025,16,7,1,0,10,-,0.00,Fog
24/09/2014,23,13,3,13,7,2,96,85,39,1031,1029,1025,16,6,0,2,19,-,0.00,Fog
25/09/2014,24,14,6,13,8,5,97,84,43,1028,1027,1025,16,7,0,2,14,-,0.00,Fog
26/09/2014,25,15,5,15,7,3,100,87,50,1027,1026,1025,16,5,0,2,14,-,0.00,Fog
27/09/2014,26,16,7,14,8,5,97,86,46,1027,1025,1023,16,5,0,2,14,-,0.00,Fog
28/09/2014,26,17,8,13,10,7,93,82,43,1023,1021,1018,16,9,0,0,11,-,0.00,Fog
29/09/2014,26,17,8,14,9,7,97,84,35,1018,1016,1012,16,6,0,0,13,-,0.00,Fog
30/09/2014,26,14,9,14,9,7,90,81,64,1017,1014,1011,16,15,1,14,24,-,1.52,Rain
01/10/2014,21,14,8,14,9,7,93,80,50,1019,1016,1011,16,12,0,8,21,-,1.52,Fog  Rain
02/10/2014,22,14,7,17,11,6,97,86,57,1017,1015,1009,16,7,0,3,16,-,8.38,Fog  Rain
03/10/2014,21,16,11,17,13,6,87,77,65,1007,1001,998,16,14,3,19,37,53,6.60,Rain
04/10/2014,9,7,5,6,2,-1,86,74,52,1006,1004,1003,16,16,16,19,32,47,0.51,Rain
05/10/2014,12,9,5,4,2,-1,89,70,41,1008,1006,1005,16,16,16,16,29,42,1.02,Rain
06/10/2014,17,9,4,9,6,2,93,79,51,1006,1004,1003,16,13,1,8,21,32,0.00,Rain
07/10/2014,16,9,2,11,6,0,96,85,67,1009,1007,1004,16,10,0,5,21,-,0.25,Fog
08/10/2014,17,10,4,7,3,-3,93,71,28,1016,1011,1008,16,13,2,13,45,71,0.00,
09/10/2014,16,9,2,3,1,-1,89,66,33,1020,1018,1015,16,16,16,6,24,32,0.00,
10/10/2014,15,8,1,3,1,-1,89,64,41,1022,1021,1019,16,16,16,8,14,-,0.00,
11/10/2014,15,7,-2,3,-2,-4,92,73,29,1025,1023,1021,16,10,1,2,16,-,0.00,Fog
12/10/2014,16,7,-3,8,0,-4,96,73,36,1024,1022,1016,16,13,1,3,23,35,0.00,
13/10/2014,22,17,11,17,14,9,94,86,75,1016,1013,1009,16,11,2,8,21,29,8.13,Rain  Thunderstorm
14/10/2014,22,18,15,17,14,13,90,80,61,1008,1004,1002,16,15,5,14,24,47,9.14,Rain
15/10/2014,17,14,12,13,11,9,94,83,60,1009,1008,1006,16,14,1,10,14,-,0.51,Rain
16/10/2014,18,13,9,11,11,8,94,83,65,1008,1007,1006,16,13,1,6,23,-,0.25,Rain
17/10/2014,18,14,11,11,9,8,90,80,58,1006,1003,1000,16,15,6,14,35,52,2.29,Rain
18/10/2014,9,9,6,7,3,1,82,73,63,1020,1011,1004,16,16,10,23,32,42,0.25,Rain
19/10/2014,12,4,-4,2,-1,-6,88,66,41,1023,1020,1015,16,16,14,10,16,-,0.00,Snow
20/10/2014,14,11,7,9,7,2,92,77,67,1015,1011,1008,16,14,6,11,24,34,5.84,Rain
21/10/2014,9,8,7,6,4,1,87,76,68,1024,1016,1011,16,16,8,16,27,40,0.00,Rain
22/10/2014,14,9,4,4,3,1,86,68,53,1028,1026,1023,16,16,16,14,23,34,0.00,
23/10/2014,16,6,-3,4,1,-4,96,78,46,1026,1023,1020,16,16,14,2,14,-,0.00,
24/10/2014,16,7,-2,7,1,-4,97,84,51,1020,1017,1014,16,8,0,2,14,-,0.00,Fog
25/10/2014,21,11,2,11,4,-5,100,77,20,1014,1011,1007,16,7,0,8,40,55,0.00,Fog
26/10/2014,17,8,1,0,-1,-3,85,53,27,1015,1013,1010,16,16,16,13,24,34,0.00,
27/10/2014,24,11,-2,13,4,-4,96,65,38,1015,1010,1006,16,16,10,6,23,39,0.25,Rain
28/10/2014,20,14,9,14,10,1,87,72,42,1013,1008,1006,16,14,4,19,32,58,6.10,Rain  Thunderstorm
29/10/2014,11,7,4,3,2,1,79,70,56,1019,1015,1013,16,16,16,13,27,39,0.00,
30/10/2014,10,4,-1,2,1,-3,92,72,52,1021,1020,1016,16,16,16,6,13,-,0.00,
31/10/2014,7,3,1,4,1,-2,86,79,68,1020,1014,1012,16,13,5,16,39,53,3.05,Rain  Snow
01/11/2014,5,0,-5,-2,-5,-8,85,65,49,1029,1026,1021,16,16,16,26,34,52,0.00,
02/11/2014,9,0,-9,-4,-8,-11,89,64,26,1031,1029,1026,16,16,16,5,16,-,0.00,
03/11/2014,17,8,0,2,-2,-6,66,49,30,1025,1021,1017,16,16,16,11,27,45,0.00,
04/11/2014,13,9,5,9,4,-1,89,70,43,1018,1014,1012,16,15,6,18,34,45,2.29,Rain
05/11/2014,14,8,2,3,1,-1,86,70,36,1021,1019,1015,16,15,11,13,23,-,0.00,
06/11/2014,9,6,3,6,4,-1,86,83,70,1017,1010,1006,16,11,3,8,29,45,2.29,Rain
07/11/2014,7,4,1,-1,-4,-7,76,62,38,1021,1018,1014,16,16,13,18,27,42,0.00,
08/11/2014,7,5,3,2,1,-2,86,75,68,1014,1009,1006,16,15,5,16,27,42,1.02,Rain  Snow
09/11/2014,6,2,-3,-1,-2,-4,89,68,53,1014,1012,1010,16,16,16,11,29,39,0.00,
10/11/2014,14,7,1,2,0,-2,85,57,35,1014,1011,1007,16,16,16,10,24,35,0.00,
11/11/2014,16,9,2,8,3,-1,83,68,48,1013,1007,1004,16,15,10,18,37,50,0.51,Rain  Snow
12/11/2014,2,0,-2,-2,-6,-8,78,61,54,1024,1021,1014,16,16,16,23,34,53,0.00,
13/11/2014,1,-2,-7,-5,-7,-9,88,71,50,1024,1022,1020,16,12,1,13,34,42,0.00,Snow
14/11/2014,2,-3,-7,-4,-7,-9,89,74,56,1028,1025,1023,16,16,14,14,19,-,0.00,Snow
15/11/2014,1,-3,-7,-6,-8,-10,89,67,50,1030,1027,1024,16,15,8,11,26,-,0.00,
16/11/2014,1,-1,-3,-3,-4,-8,92,79,59,1024,1017,1012,16,7,2,10,19,-,1.02,Snow
17/11/2014,-1,-6,-11,-3,-8,-16,93,75,58,1012,1007,1004,16,9,2,14,40,52,0.25,Snow
18/11/2014,-6,-9,-12,-13,-15,-17,71,65,57,1021,1015,1011,16,16,16,27,42,55,0.00,
19/11/2014,-2,-7,-11,-4,-8,-16,86,77,65,1021,1011,1006,16,7,1,19,35,48,0.25,Fog  Snow
20/11/2014,-3,-7,-10,-9,-11,-12,88,70,57,1023,1015,1011,16,11,2,23,47,60,0.00,Snow
21/11/2014,-3,-10,-16,-11,-13,-19,88,70,51,1033,1030,1022,16,16,10,10,14,-,0.00,Snow
22/11/2014,8,0,-8,6,-1,-13,93,83,63,1027,1019,1014,16,10,4,14,19,-,3.05,Rain
23/11/2014,12,9,7,9,7,4,93,85,74,1015,1007,989,16,11,3,13,24,32,20.07,Rain
24/11/2014,14,8,1,12,6,-3,93,81,67,1006,990,984,16,15,5,27,58,80,11.43,Rain
25/11/2014,1,-1,-2,-4,-6,-7,75,70,66,1024,1016,1007,16,16,10,29,42,58,0.00,Snow
26/11/2014,1,-1,-2,-4,-6,-7,76,70,66,1024,1021,1019,16,16,11,5,16,-,0.00,
27/11/2014,2,-2,-6,-5,-7,-13,81,68,57,1027,1023,1019,16,15,4,14,24,-,0.00,Snow
28/11/2014,-2,-7,-12,-6,-9,-14,85,73,57,1029,1024,1019,16,11,3,11,21,-,0.00,Snow
29/11/2014,10,4,-2,6,-2,-6,78,70,53,1018,1012,1006,16,14,6,13,27,40,0.51,Snow
30/11/2014,16,11,4,11,8,2,86,80,75,1019,1010,1007,16,15,11,21,26,37,0.00,
01/12/2014,4,-2,-8,2,-8,-14,86,61,41,1038,1030,1019,16,16,16,18,23,34,0.00,
02/12/2014,0,-4,-8,-4,-7,-13,82,70,63,1037,1027,1018,16,16,13,11,19,-,0.00,
03/12/2014,4,0,-7,-2,-6,-9,85,70,44,1027,1021,1016,16,13,5,18,37,48,0.00,Snow
04/12/2014,0,-4,-8,-8,-9,-11,85,62,45,1032,1030,1028,16,16,16,6,13,-,0.00,
05/12/2014,3,0,-2,-1,-3,-8,89,74,64,1028,1025,1022,16,13,6,6,13,-,0.00,
06/12/2014,4,0,-3,-1,-4,-9,79,67,53,1038,1029,1023,16,14,10,14,26,42,0.00,
07/12/2014,2,-1,-4,-4,-8,-12,76,62,36,1040,1037,1031,16,16,16,11,16,-,0.00,
08/12/2014,4,1,-1,2,-3,-6,93,73,49,1030,1022,1017,16,14,5,11,26,27,2.03,Rain
09/12/2014,4,2,1,2,0,-4,93,82,70,1025,1021,1017,16,12,4,11,32,39,0.25,Rain
10/12/2014,0,-2,-4,-4,-7,-8,81,73,66,1027,1024,1021,16,16,16,21,26,39,0.00,
11/12/2014,4,-1,-6,-4,-9,-12,85,60,35,1021,1020,1018,16,16,10,16,27,40,0.00,
12/12/2014,3,0,-2,-1,-2,-4,89,83,70,1024,1023,1020,14,10,6,14,24,32,0.00,
13/12/2014,7,3,1,5,2,-1,93,88,79,1023,1020,1016,16,7,4,16,27,40,0.00,
14/12/2014,12,9,7,7,6,5,90,83,72,1019,1017,1016,16,13,8,16,26,39,0.00,
15/12/2014,10,8,5,6,4,3,93,85,68,1019,1016,1009,16,8,3,10,19,-,3.05,Rain
16/12/2014,8,6,3,7,5,1,97,92,82,1013,1007,1004,16,8,1,13,37,50,5.84,Rain
17/12/2014,3,0,-2,0,-5,-8,88,71,63,1023,1019,1013,16,15,3,27,34,50,0.25,Snow
18/12/2014,0,-1,-2,-2,-3,-7,96,84,69,1024,1023,1021,16,13,4,16,23,34,0.00,Snow
19/12/2014,-1,-2,-3,-2,-4,-6,92,85,75,1028,1024,1022,16,13,2,10,14,-,0.51,Snow
20/12/2014,-1,-2,-6,-4,-6,-7,96,77,66,1027,1026,1025,16,16,11,3,8,-,0.00,
21/12/2014,1,-3,-7,-4,-4,-8,96,82,70,1027,1025,1023,16,11,6,3,13,-,0.00,
22/12/2014,4,-1,-5,1,-3,-6,92,83,70,1022,1017,1011,16,10,4,10,16,-,0.25,Rain
23/12/2014,11,7,3,9,6,1,100,94,83,1010,1009,1007,13,5,0,10,16,-,1.02,Fog  Rain
24/12/2014,8,5,2,8,6,1,100,95,89,1007,999,991,16,6,1,10,34,55,20.83,Fog  Rain  Snow
25/12/2014,4,2,0,2,0,-2,93,83,70,1020,1013,1000,16,16,14,21,32,50,0.00,Rain
26/12/2014,7,3,-1,3,1,-2,97,87,71,1021,1020,1018,16,15,10,11,23,-,0.00,
27/12/2014,8,3,-1,7,4,-1,100,92,73,1020,1017,1014,16,9,0,10,37,52,1.27,Fog  Rain
28/12/2014,2,-1,-4,-1,-3,-7,92,79,59,1023,1019,1016,16,14,2,14,24,35,0.25,Snow
29/12/2014,0,-5,-10,-7,-9,-12,92,68,45,1031,1027,1024,16,16,16,6,19,26,0.00,
30/12/2014,-4,-7,-9,-11,-13,-15,74,63,48,1035,1033,1031,16,16,16,14,26,40,0.00,
31/12/2014,-6,-10,-14,-11,-15,-18,84,61,44,1033,1028,1020,16,15,3,16,37,53,0.00,Snow
